id,texto,publico,macronarrativa,pauta,tipo,forca,base,despersonalizado,origem_lista,duplicado_de,link,alerta,pagina,id_documento
D01-TR-009,"O eleitorado 70+ soma 36,2 milhões de pessoas, contingente que cresceu 74% desde 2010, cinco vezes mais que o eleitorado geral, e já representa quase um em cada quatro votos.",idosos,engajamento cívico,participação eleitoral*,contexto,-,restrita,não,não,-,,-,11,D01
D01-TR-010,"O voto é facultativo para maiores de 70 anos; em 2022, 58,9% deles não foram às urnas (8,8 milhões de pessoas). A abstenção vem caindo a cada eleição (era 63,6% em 2014), mas segue extremamente alta.",idosos,engajamento cívico,participação eleitoral*,contexto,-,restrita,não,não,-,,-,11,D01
D01-TR-014,Mulheres constituem mais de 84% das titularidades de programas de transferência de renda e sentem mais as variações de qualidade dos serviços públicos.,mulheres beneficiárias,dinheiro no bolso,transferência de renda*,contexto,-,restrita,não,não,-,,-,13,D01
D01-TR-017,"Mais de 97 milhões de pessoas estão inscritas no CadÚnico, 48% da população brasileira, presentes em 5.570 municípios.",mulheres beneficiárias,dinheiro no bolso,transferência de renda*,contexto,-,restrita,não,não,-,,-,14,D01
D01-TR-018,O Bolsa Família alcança mais de 49 milhões de pessoas; 84% dos lares beneficiários são chefiados por mulheres e 73% por pessoas pretas ou pardas.,mulheres beneficiárias,dinheiro no bolso,transferência de renda*,contexto,-,restrita,não,não,-,,-,14,D01
D01-TR-020,"71% dos lares que superaram a insegurança alimentar eram chefiados por mulher, evidência do impacto da transferência de renda.",mulheres beneficiárias,dinheiro no bolso,segurança alimentar*,contexto,-,restrita,não,não,-,,-,14,D01
D01-TR-021,A tendência histórica de voto deste público não garante adesão: o voto é frágil.,mulheres beneficiárias,engajamento cívico,decisão de voto*,achado,indício,restrita,sim,não,D01-TR-016,,-,14,D01
D01-TR-024,A faixa de renda até cinco salários mínimos começará a sentir o impacto de medidas como a isenção do Imposto de Renda até R$ 5 mil e a redução até R$ 7 mil.,mulheres de 2 a 5 salários mínimos,dinheiro no bolso,imposto de renda*,contexto,-,restrita,não,não,-,,-,15,D01
D01-TR-031,"O Bolsa Família entra no planejamento da casa antes mesmo de ser discutido como política pública; o que sustenta isso não é só o valor, é a previsibilidade de saber que o dinheiro vai cair.",mulheres beneficiárias,dinheiro no bolso,transferência de renda*,achado,indício,restrita,não,sim,-,,-,18,D01
D01-TR-032,"O benefício já é visto como direito, mas nunca foi suficiente; o desejo de mais que sobreviver vira alvo de acusação de ingratidão.",mulheres beneficiárias,dinheiro no bolso,transferência de renda*,achado,indício,restrita,não,sim,-,,-,18,D01
D01-TR-033,"A crítica ao benefício raramente para no valor: recai sobre a pessoa, lida como quem não se esforça, não trabalha ou ""tem filho pra ganhar benefício"", um julgamento moral constante.",mulheres beneficiárias,dinheiro no bolso,transferência de renda*,achado,indício,restrita,não,sim,-,,-,18,D01
D01-TR-037,"Para MEI, a queixa número um é a ausência de renda fixa: dias bons e ruins se alternam sem aviso, com a jornada dupla ainda presente.",pequenas empreendedoras,dinheiro no bolso,MEI,achado,indício,restrita,não,sim,-,,-,18,D01
D01-TR-040,Há sensação de melhoria quando algo reduz o risco financeiro.,pequenas empreendedoras,dinheiro no bolso,MEI,funciona,-,restrita,não,sim,-,,-,18,D01
D01-TR-043,"Para beneficiárias, os estigmas são sentidos diariamente; tratar a beneficiária como gestora, não como suspeita, desarma a disputa moral sobre dependência quando a comunicação mostra a mulher explicando o peso de cada escolha.",mulheres beneficiárias,dinheiro no bolso,transferência de renda*,funciona,-,restrita,não,não,-,,-,21,D01
D01-TR-045,"Para MEI, o problema é a instabilidade: tem mês bom e mês ruim, sem garantias fixas.",pequenas empreendedoras,dinheiro no bolso,MEI,achado,indício,restrita,não,não,D01-TR-037,,-,21,D01
D01-TR-100,"Jovens votam menos e confiam menos na democracia como melhor regime: apenas 42% dos jovens de 16 a 29 anos, contra 47% dos adultos de 30+.",jovens,engajamento cívico,confiança nas instituições*,contexto,-,restrita,não,não,-,,-,37,D01
D01-TR-101,"O eleitorado de 16 a 18 anos encolheu 14,5% desde 2022, justamente o grupo que deveria estar entrando no jogo eleitoral.",jovens,engajamento cívico,participação eleitoral*,contexto,-,restrita,não,não,-,,-,37,D01
D01-TR-105,"Jovens são cobrados como adultos, mas desqualificados como jovens: um padrão forte é a irritação com estereótipos de jovem irresponsável, geração que não quer trabalhar, gente sem experiência ou sem propriedade para opinar.",jovens,engajamento cívico,juventude e trabalho*,achado,forte,restrita,não,não,-,,-,38,D01
D01-TR-106,"O jovem não rejeita política, mas sim polarização, promessa, briga e teatro eleitoral: a conversa política circula mais dentro de casa ou entre pessoas com posições parecidas; fora desse círculo, falar de política vira risco de briga ou julgamento.",jovens,engajamento cívico,participação política*,achado,indício,restrita,não,não,-,,-,38,D01
D01-TR-107,"Reconhecer esforço, cansaço e pressão antes de pedir esperança, participação ou voto.",jovens,engajamento cívico,participação política*,funciona,-,restrita,não,não,-,,-,38,D01
D01-TR-134,"A política só ganha relevância quando encosta na régua de viabilidade: aliviar pressão, ampliar estabilidade, proteger quem importa e transformar planos em possibilidade real.",jovens,engajamento cívico,participação política*,achado,indício,restrita,não,não,-,,-,51,D01
D01-TR-135,"Pautas interessam, eleição cansa.",jovens,engajamento cívico,participação política*,achado,indício,restrita,não,não,-,,-,52,D01
D01-TR-136,"O jovem não rejeita política, mas sim polarização, promessa, briga e teatro eleitoral.",jovens,engajamento cívico,participação política*,achado,indício,restrita,não,não,D01-TR-106,,-,52,D01
D01-TR-137,"O voto importa, mas precisa deixar de parecer só obrigação.",jovens,engajamento cívico,decisão de voto*,achado,indício,restrita,não,não,-,,-,53,D01
D01-TR-138,"O voto é escolha, não necessariamente esperança.",jovens,engajamento cívico,decisão de voto*,achado,indício,restrita,não,não,-,,-,53,D01
D01-TR-139,Indecisão não é ignorância: é um processo de avaliação em um cenário de baixa confiança.,jovens,engajamento cívico,decisão de voto*,achado,indício,restrita,não,não,-,,-,53,D01
D01-TR-140,"O voto tem potência, mas não se sustenta como chamado moral: precisa aparecer como escolha com consequência concreta — quem protege, quem ameaça, quem entrega, quem bloqueia e o que muda na vida depois da eleição.",jovens,engajamento cívico,decisão de voto*,funciona,-,restrita,não,não,-,,-,53,D01
D01-TR-141,"""Jovem tem poder"" só funciona quando mostra onde esse poder age.",jovens,engajamento cívico,participação política*,funciona,-,restrita,não,sim,-,,-,54,D01
D01-TR-142,"Valorizar a capacidade de avaliação dos jovens sem infantilizá-los: o tom não deve ser ""vocês são o futuro"", mas ""vocês já vivem as consequências e sabem reconhecer o que pesa"".",jovens,engajamento cívico,participação política*,funciona,-,restrita,não,sim,-,,-,54,D01
D03-TR-057,"Entre jovens de 16 e 17 anos, 23,5% já tiraram o título de eleitor. A proporção é maior no Nordeste (28,0%) e no Sul (27,6%) e menor no Sudeste (15,4%).",jovens,engajamento cívico,título de eleitor*,achado,indício,geral,não,não,---,,---,50,D03
D03-TR-058,"Entre jovens de 16 e 17 anos que ainda não tiraram o título de eleitor, 94,2% pretendem tirar o documento e votar na próxima eleição.",jovens,engajamento cívico,participação eleitoral*,achado,indício,geral,não,não,---,,---,51,D03
D03-TR-059,"Entre pessoas com 70 anos ou mais, para quem o voto é facultativo, 74,4% pretendem votar na próxima eleição. A intenção de participação é maior no Norte (80,9%) e no Nordeste (78,6%) e menor no Sul (66,6%).",idosos,engajamento cívico,participação eleitoral*,achado,indício,geral,não,não,---,,---,53,D03
D04-TR-010,"Na macronarrativa Engajamento Cívico, a narrativa central para o público jovem vai do jovem como alvo da disputa ao jovem como sujeito competente da escolha.",jovens,engajamento cívico,*participação política,achado,indício,restrita,,,,,,8,D04
D04-TR-011,"O engajamento deixa de ser cobrança para virar competência cívica: entender, checar, comparar, escolher, participar e cobrar a partir da própria vida.",jovens,engajamento cívico,*participação política,achado,indício,restrita,,,,,,8,D04
D04-TR-012,"A comunicação sobre engajamento precisa dar repertório sem tutelar: aproximar a política da vida real, reduzir ruído, evitar moralização e mostrar formas graduais de participação.",jovens,engajamento cívico,*participação política,funciona,,restrita,,,,,,8,D04
D04-TR-124,"Para o público jovem, participar não é escolher um lado o tempo todo: é conseguir decidir sem virar alvo da disputa.",jovens,engajamento cívico,*participação política,achado,indício,restrita,,,,,,29,D04
D04-TR-125,"O jovem não deve ser lido como apático: ele avalia a política a partir de efeitos concretos sobre trabalho, dinheiro, família, segurança e futuro.",jovens,engajamento cívico,*critérios de escolha,achado,indício,restrita,,,,,,29,D04
D04-TR-126,"Muitos jovens já carregam responsabilidades adultas, mas ainda estão formando repertório político e critérios de escolha.",jovens,engajamento cívico,*participação política,achado,indício,restrita,,,,,,29,D04
D04-TR-127,A política mobiliza o jovem quando parece melhorar a vida.,jovens,engajamento cívico,*participação política,funciona,,restrita,,,,,,29,D04
D04-TR-128,"A política afasta quando vem como promessa abstrata, julgamento moral ou obrigação de posicionamento.",jovens,engajamento cívico,*participação política,afasta,,restrita,,,,,,29,D04
D04-TR-129,"A representação importa quando o jovem sente que sua realidade, identidade ou causa aparece na política.",jovens,engajamento cívico,*representação política,achado,indício,restrita,,,,,,29,D04
D04-TR-130,"A política aparece misturada ao feed: entretenimento, meme, trend, cultura pop, futebol, checagem e opinião circulam juntos.",jovens,engajamento cívico,*consumo de informação,achado,indício,restrita,,,,,,29,D04
D04-TR-131,"Conteúdos curtos, relatos, memes e vídeos de identificação ajudam a traduzir política em linguagem reconhecível e compartilhável.",jovens,engajamento cívico,*formatos e linguagem,funciona,,restrita,,,,,,29,D04
D04-TR-132,"O digital estimula a expressão, mas também a ansiedade de exposição; não se posicionar pode aparecer como forma de evitar conflito.",jovens,engajamento cívico,*polarização,achado,indício,restrita,,,,,,29,D04
D05-TR-038,"Entre as MEI (grupos 1 e 2), há presença maior de aplicativos de benefício, como FGTS e CAIXA Tem.",pequenas empreendedoras,dinheiro no bolso,benefícios sociais*,achado,indício,restrita,não,não,,,,10,D05
D05-TR-078,"Entre as MEI, o que mais distingue a presença em tela em relação às CLT e informais são aplicativos de benefício, de marketplace e a loja de aplicativos.",pequenas empreendedoras,dinheiro no bolso,uso de aplicativos*,achado,indício,restrita,não,não,,,,11,D05
D05-TR-079,"Entre as MEI, o trio FGTS, CAIXA Tem e Nubank aparece junto nas telas.",pequenas empreendedoras,dinheiro no bolso,benefícios sociais*,achado,indício,restrita,não,não,,,,11,D05
D09-TR-009,"O estado geral da saúde e a autoimagem física são os pilares sobre os quais se estruturam a autonomia, a socialização e o exercício da cidadania.",idosos,engajamento cívico,*saúde do idoso,achado,indício,restrita,não,não,,,,5,D09
D09-TR-010,Há correlação direta entre bem-estar físico e sentimento de utilidade e participação social.,idosos,engajamento cívico,*saúde do idoso,achado,indício,restrita,não,não,D09-TR-009,,,5,D09
D09-TR-058,"""Eu conversava muito mais, era o meu marido, porque ele falava direto de política, aí a gente conversava. Agora eu não tenho mais, não converso mais com ninguém.""",idosos,engajamento cívico,*solidão e depressão,verbatim,,restrita,não,não,,,,10,D09
D09-TR-059,"Entre os participantes deste estudo, há convergência quanto à percepção de que os idosos merecem ser mais bem tratados e respeitados pela sociedade e pela política em geral.",idosos,engajamento cívico,*respeito ao idoso,achado,forte,restrita,não,não,,,,11,D09
D09-TR-067,"""Eu gostaria de ser reconhecida pelos poderes públicos. Um plano de saúde a gente não pode pagar. Mas eu gostaria que os políticos criassem uma situação para a gente, idosos, ter uma vida melhor.""",idosos,engajamento cívico,*respeito ao idoso,verbatim,,restrita,não,não,,,,12,D09
D09-TR-073,Viver uma vida longa significa ter atravessado diferentes realidades políticas e vivenciado momentos de esperança e de medo.,idosos,engajamento cívico,*memória política,contexto,,restrita,não,não,,,,13,D09
D09-TR-074,"Entre os participantes deste estudo, falar em política no contexto do processo eleitoral que se aproxima traz à tona um espectro emocional dominado por desânimo, fadiga e desconfiança.",idosos,engajamento cívico,*desânimo eleitoral,achado,indício,restrita,não,não,,,,13,D09
D09-TR-075,"Parte expressiva dos entrevistados relata apatia e perda de entusiasmo cívico, admitindo que o processo eleitoral se tornou cansativo e repetitivo.",idosos,engajamento cívico,*desânimo eleitoral,achado,indício,restrita,não,não,,,,13,D09
D09-TR-076,A expressão desiludido com os políticos surge como padrão verbal recorrente.,idosos,engajamento cívico,*desânimo eleitoral,achado,forte,restrita,não,não,,,,13,D09
D09-TR-077,"A postura de proximidade física e afetiva adotada apenas durante o período de campanha, seguida do afastamento do eleitor comum, é lida como cinismo e alimenta a desilusão.",idosos,engajamento cívico,*promessas não cumpridas,afasta,,restrita,não,não,,,,13,D09
D09-TR-078,O sentimento de fadiga está associado à percepção de que nada muda apesar de anos sucessivos de promessas.,idosos,engajamento cívico,*promessas não cumpridas,achado,indício,restrita,não,não,,,,13,D09
D09-TR-079,"Há reconhecimento de que algumas coisas melhoraram em gestões anteriores, mas o descumprimento de promessas segue sendo a marca atribuída aos políticos brasileiros, o que alimenta a pergunta sobre por que continuar votando.",idosos,engajamento cívico,*promessas não cumpridas,achado,indício,restrita,sim,não,,,,13,D09
D09-TR-080,"""Eu penso que eles vêm, prometem um rio de coisas... chega na hora, estão lá bem instaladinhos e nada fazem. Para mim é tudo farinha do mesmo saco.""",idosos,engajamento cívico,*promessas não cumpridas,verbatim,,restrita,não,não,,,,13,D09
D09-TR-081,"""Eles prometem tudo, abraça todo mundo, vai lá no meio do público abraçar todo mundo e todo mundo confia. Só que depois que passa tudo isso, vai procurar um deles? Eles não conhecem a gente.""",idosos,engajamento cívico,*promessas não cumpridas,verbatim,,restrita,não,não,,,,13,D09
D09-TR-082,"""Os velhos já estão revoltados, porque todos que entram não fazem nada. O tempo passa e é sempre a mesma coisa. E ouço eles falarem a mesma coisa desde que era jovem.""",idosos,engajamento cívico,*desânimo eleitoral,verbatim,,restrita,não,não,,,,13,D09
D09-TR-083,A transição do voto obrigatório para o voto facultativo após os 70 anos é vivenciada a partir de sentimentos conflitantes.,idosos,engajamento cívico,*voto facultativo,achado,indício,restrita,não,não,,,,14,D09
D09-TR-084,"O caráter facultativo da lei é percebido como alívio cívico e conquista de liberdade individual, permitindo o descanso após décadas de cumprimento rigoroso de obrigações eleitorais.",idosos,engajamento cívico,*voto facultativo,achado,indício,restrita,não,não,,,,14,D09
D09-TR-085,"A comodidade do descanso confronta-se diretamente com um sentimento profundo de dever moral, de exercício da cidadania e de participação política construídos ao longo da vida ativa.",idosos,engajamento cívico,*voto facultativo,achado,indício,restrita,não,não,,,,15,D09
D09-TR-086,"Parte dos entrevistados manifesta alívio diante do fim da obrigatoriedade, tomado como licença para o descanso após décadas de cumprimento do dever de votar.",idosos,engajamento cívico,*voto facultativo,achado,indício,restrita,não,não,,,,15,D09
D09-TR-087,"O flerte com a abstenção é acentuado pelo cansaço diante de promessas não cumpridas, pela sensação de corrupção generalizada e pela percepção de estagnação nacional de longo prazo.",idosos,engajamento cívico,*desânimo eleitoral,afasta,,restrita,não,não,,,,15,D09
D09-TR-088,O caráter facultativo do voto funciona como válvula de escape legítima para a frustração e a apatia política acumuladas.,idosos,engajamento cívico,*voto facultativo,achado,indício,restrita,não,não,,,,15,D09
D09-TR-089,"Em oposição à tentação do desinteresse, manifesta-se uma barreira moral sólida e persistente contra o absenteísmo: a autoimagem de cidadão ativo e responsável.",idosos,engajamento cívico,*dever cívico,achado,indício,restrita,não,não,,,,15,D09
D09-TR-090,"Para parcela significativa dos participantes, o ato de votar é indissociável da dignidade como cidadão e da identidade histórica construída ao longo da vida.",idosos,engajamento cívico,*dever cívico,achado,indício,restrita,não,não,,,,15,D09
D09-TR-091,"O comparecimento às urnas é descrito com orgulho e prazer, considerado não uma obrigação, mas um direito soberano conquistado que deve ser exercido com honra e vaidade.",idosos,engajamento cívico,*dever cívico,funciona,,restrita,não,não,,,,15,D09
D09-TR-092,O ritual de arrumar-se para o dia da votação é acionado como componente de prazer e afirmação pessoal no comparecimento.,idosos,engajamento cívico,*ritual do dia da eleição,funciona,,restrita,não,não,,,,15,D09
D10-TR-004,"Na macronarrativa de proteção da família, a narrativa central vai da ameaça à vida protegida e aberta ao futuro.",mulheres beneficiárias,proteção da família,*narrativa central,achado,indício,restrita,não,não,,,,8,D10
D10-TR-005,"A transformação semiótica da proteção da família parte da experiência disfórica da vulnerabilidade para a experiência eufórica de uma vida mais segura, em que proteção, previsibilidade e cuidado efetivo permitem respirar, planejar e sonhar.",mulheres beneficiárias,proteção da família,*percurso disforia euforia,achado,indício,restrita,não,não,,,,8,D10
D10-TR-006,"O cuidado precisa sair da promessa e aparecer como proteção concreta: resolver, orientar, acolher, responder e reduzir riscos reais.",mulheres beneficiárias,proteção da família,*cuidado concreto,funciona,,restrita,não,não,,,,8,D10
D10-TR-007,"Um dos territórios de comunicação previstos para a proteção da família é ""cuidado que transforma a vida real"".",mulheres beneficiárias,proteção da família,*território de comunicação,contexto,,restrita,não,sim,,,,8,D10
D10-TR-008,"Um dos territórios de comunicação previstos para a proteção da família é ""mãe que protege e abre futuro"".",mulheres beneficiárias,proteção da família,*território de comunicação,contexto,,restrita,não,sim,,,,8,D10
D10-TR-009,"Um dos territórios de comunicação previstos para a proteção da família é ""rede para cuidar de quem cuida"".",mulheres beneficiárias,proteção da família,*território de comunicação,contexto,,restrita,não,sim,,,,8,D10
D10-TR-010,"Um dos territórios de comunicação previstos para a proteção da família é ""defesa da vida sem promessa vazia"".",mulheres beneficiárias,proteção da família,*território de comunicação,contexto,,restrita,não,sim,,,,8,D10
D10-TR-011,"Um dos territórios de comunicação previstos para a proteção da família é ""direito de sonhar além da sobrevivência"".",mulheres beneficiárias,proteção da família,*território de comunicação,contexto,,restrita,não,sim,,,,8,D10
D10-TR-012,"Na macronarrativa de engajamento cívico, a narrativa central vai da representação distante ao protagonismo cotidiano.",mulheres beneficiárias,engajamento cívico,*narrativa central,achado,indício,restrita,não,não,,,,8,D10
D10-TR-013,"O deslocamento semiótico do engajamento cívico é enunciativo: sair do ""eles, lá"" da política institucional para o ""eu, tu, aqui"" da experiência vivida, produzindo proximidade, voz e participação.",mulheres beneficiárias,engajamento cívico,*percurso disforia euforia,achado,indício,restrita,não,não,,,,8,D10
D10-TR-014,"A política só se aproxima quando deixa de ser ""eles lá"" e passa a ser ""eu, tu, aqui"": rotina, direitos, escolha, cobrança e participação.",mulheres beneficiárias,engajamento cívico,*participação cotidiana,funciona,,restrita,não,não,,,,8,D10
D10-TR-015,"Um dos territórios de comunicação previstos para o engajamento cívico é ""minha rotina também é política"".",mulheres beneficiárias,engajamento cívico,*território de comunicação,contexto,,restrita,não,sim,,,,8,D10
D10-TR-017,"Um dos territórios de comunicação previstos para o engajamento cívico é ""da voz que reclama à voz que cobra"".",mulheres beneficiárias,engajamento cívico,*território de comunicação,contexto,,restrita,não,sim,,,,8,D10
D10-TR-018,"Um dos territórios de comunicação previstos para o engajamento cívico é ""representação com participação"".",mulheres beneficiárias,engajamento cívico,*território de comunicação,contexto,,restrita,não,sim,,,,8,D10
D10-TR-019,"Um dos territórios de comunicação previstos para o engajamento cívico é ""coletividade que dá coragem"".",mulheres beneficiárias,engajamento cívico,*território de comunicação,contexto,,restrita,não,sim,,,,8,D10
D10-TR-020,"Na macronarrativa de dinheiro no bolso, a narrativa central vai do aperto ao controle possível sobre o mês.",mulheres beneficiárias,dinheiro no bolso,*narrativa central,achado,indício,restrita,não,não,,,,8,D10
D10-TR-021,"A transformação semiótica do dinheiro no bolso vai da disjunção com estabilidade, escolha e previsibilidade para a conjunção com competências de organização, priorização e domínio mínimo sobre o mês.",mulheres beneficiárias,dinheiro no bolso,*percurso disforia euforia,achado,indício,restrita,não,não,,,,8,D10
D10-TR-022,"O dinheiro não deve ser narrado como fartura, mas como estabilidade mínima: organizar, priorizar, pagar, reservar, cuidar e planejar.",mulheres beneficiárias,dinheiro no bolso,*orçamento doméstico,funciona,,restrita,não,não,,,,8,D10
D10-TR-023,"Um dos territórios de comunicação previstos para dinheiro no bolso é ""o mês na mão dela"".",mulheres beneficiárias,dinheiro no bolso,*território de comunicação,contexto,,restrita,não,sim,,,,8,D10
D10-TR-024,"Um dos territórios de comunicação previstos para dinheiro no bolso é ""cada real vira cuidado"".",mulheres beneficiárias,dinheiro no bolso,*território de comunicação,contexto,,restrita,não,sim,,,,8,D10
D10-TR-025,"Um dos territórios de comunicação previstos para dinheiro no bolso é ""respiro sem ilusão de fartura"".",mulheres beneficiárias,dinheiro no bolso,*território de comunicação,contexto,,restrita,não,sim,,,,8,D10
D10-TR-026,"Um dos territórios de comunicação previstos para dinheiro no bolso é ""beneficiária não é suspeita, é gestora"".",mulheres beneficiárias,dinheiro no bolso,*estigma do benefício,contexto,,restrita,não,sim,,,,8,D10
D10-TR-027,"Um dos territórios de comunicação previstos para dinheiro no bolso é ""acesso simples também é dinheiro no bolso"".",mulheres beneficiárias,dinheiro no bolso,*acesso a serviços,contexto,,restrita,não,sim,,,,8,D10
D10-TR-028,Cuidar significa proteger a vida concreta e também devolver a essas mulheres o direito de fazer planos.,mulheres beneficiárias,proteção da família,*cuidado concreto,funciona,,restrita,não,não,,,,10,D10
D10-TR-029,"A proteção é medida na rotina: comida, gás, luz, remédio, escola, segurança, benefício que cai na data e regra clara.",mulheres beneficiárias,proteção da família,*proteção na rotina,achado,indício,restrita,não,não,,,,10,D10
D10-TR-030,"O cuidado só é reconhecido quando reduz a carga de quem sustenta a casa, o que vai muito além da dimensão financeira.",mulheres beneficiárias,proteção da família,*sobrecarga do cuidado,achado,indício,restrita,não,não,,,,10,D10
D10-TR-031,"A mulher aparece como quem organiza, antecipa riscos, administra o orçamento e transforma políticas públicas em proteção real para os filhos.",mulheres beneficiárias,proteção da família,*protagonismo do cuidado,achado,indício,restrita,não,não,,,,10,D10
D10-TR-032,"Na conversa digital, a proteção se amplia para a defesa da vida, abrangendo feminicídio, crianças nas telas, mães atípicas, saúde mental, BPC/LOAS, CRAS e falhas no atendimento na ponta.",mulheres beneficiárias,proteção da família,*defesa da vida,achado,indício,restrita,não,não,,,,10,D10
D10-TR-033,"Nas redes, mulheres aparecem buscando informação, denunciando falhas, formando redes de apoio e expressando medo, desamparo, cansaço e desejo de segurança.",mulheres beneficiárias,proteção da família,*rede de apoio,achado,indício,restrita,não,não,,,,10,D10
D10-TR-034,"A macronarrativa deve sair do ""governo que cuida"" como promessa e entrar no ""cuidado que permite viver melhor"": resolver, orientar, proteger e abrir futuro.",mulheres beneficiárias,proteção da família,*cuidado concreto,funciona,,restrita,não,não,D10-TR-006,,,10,D10
D10-TR-035,"O território mais forte é colocar essa mulher no centro, não como quem apenas recebe cuidado, mas como quem faz o cuidado acontecer e precisa de condições para sonhar além da sobrevivência.",mulheres beneficiárias,proteção da família,*protagonismo do cuidado,funciona,,restrita,não,não,,,,10,D10
D10-TR-036,"A proteção da família se organiza em narrativas mais eufóricas ou disfóricas, oscilando entre a contenção do risco e a possibilidade de futuro.",mulheres beneficiárias,proteção da família,*percurso disforia euforia,achado,indício,restrita,não,não,D10-TR-005,,,11,D10
D10-TR-037,"Vida, proteção, segurança e direito de sonhar estruturam a dimensão eufórica da narrativa de proteção da família.",mulheres beneficiárias,proteção da família,*percurso disforia euforia,achado,indício,restrita,não,não,,,,11,D10
D10-TR-038,"Proteger a família significa garantir filhos vivos, alimentados, seguros, estudando e com possibilidade de futuro.",mulheres beneficiárias,proteção da família,*proteção na rotina,achado,indício,restrita,não,não,,,,11,D10
D10-TR-039,"A maternidade aparece como missão de sustentação e abertura de futuro: administra-se risco, orçamento e rotina, mas também se busca criar condições para respirar, planejar e sonhar além da sobrevivência.",mulheres beneficiárias,proteção da família,*maternidade e futuro,achado,indício,restrita,não,não,,,,11,D10
D10-TR-040,"Casa, filho, comida, gás, luz, remédio, escola, celular, CRAS, aplicativo e benefício funcionando são as figuras que tornam visível o cuidado que protege e permite avançar.",mulheres beneficiárias,proteção da família,*proteção na rotina,exemplo,,restrita,não,não,,,,11,D10
D10-TR-041,"Medo, falha, luta e desamparo estruturam a dimensão disfórica da narrativa de proteção da família.",mulheres beneficiárias,proteção da família,*percurso disforia euforia,achado,indício,restrita,não,não,,,,11,D10
D10-TR-043,"A proteção aparece como sobrevivência sob pressão e contenção do pior, exigindo esforço contínuo diante de burocracia, incerteza, violência e falta de acesso a serviços e informação confiável.",mulheres beneficiárias,proteção da família,*sobrecarga do cuidado,achado,indício,restrita,não,não,,,,11,D10
D10-TR-044,"Fila, sistema fora do ar, benefício cortado, criança na tela, mãe atípica, medida protetiva e rede de mulheres tensionada são as figuras que mostram onde a promessa de cuidado falha ou é colocada à prova.",mulheres beneficiárias,proteção da família,*burocracia e atendimento,exemplo,,restrita,não,não,,,,11,D10
D10-TR-045,A proteção da família deve ser narrada como uma travessia entre disforia e euforia.,mulheres beneficiárias,proteção da família,*percurso disforia euforia,funciona,,restrita,não,não,,,,12,D10
D10-TR-046,"Os antissujeitos do percurso narrativo da proteção são violência, bloqueio, fila, desinformação, insegurança e falhas de acesso.",mulheres beneficiárias,proteção da família,*antissujeitos da proteção,achado,indício,restrita,não,não,,,,12,D10
D10-TR-047,"O objeto de valor do percurso narrativo da proteção é uma vida mais segura, previsível e aberta ao futuro.",mulheres beneficiárias,proteção da família,*objeto de valor,achado,indício,restrita,não,não,,,,12,D10
D10-TR-048,"Nesse percurso, a mulher é a protagonista: cuida, decide, busca direitos, aciona redes e transforma acesso em proteção concreta.",mulheres beneficiárias,proteção da família,*protagonismo do cuidado,achado,indício,restrita,não,não,D10-TR-031,,,12,D10
D10-TR-084,A política só se aproxima quando deixa de ser disputa entre líderes e passa a ser possibilidade concreta de melhorar a vida.,mulheres beneficiárias,engajamento cívico,*participação cotidiana,funciona,,restrita,não,não,,,,20,D10
D10-TR-085,A oportunidade narrativa está em reposicionar o engajamento cívico como competência cotidiana dessas mulheres.,mulheres beneficiárias,engajamento cívico,*participação cotidiana,funciona,,restrita,não,não,,,,20,D10
D10-TR-086,O voto não é apresentado como troca pelo programa de transferência de renda recebido.,mulheres beneficiárias,engajamento cívico,*voto e direitos,achado,indício,restrita,sim,não,,,,20,D10
D10-TR-087,"A decisão política é justificada por critérios mais amplos que o benefício: custo de vida, saúde dos filhos, acesso a direitos, segurança e melhora concreta da rotina.",mulheres beneficiárias,engajamento cívico,custo de vida,achado,indício,restrita,não,não,,,,20,D10
D10-TR-088,"Há reconhecimento de avanços e, ao mesmo tempo, forte frustração com promessas que não chegam na ponta.",mulheres beneficiárias,engajamento cívico,*promessa e entrega,achado,indício,restrita,não,não,,,,20,D10
D10-TR-090,"Na escuta digital, o engajamento cívico aparece fortemente associado à política institucional, às lideranças nacionais, à polarização e ao sentimento de representação.",mulheres beneficiárias,engajamento cívico,*representação política,achado,indício,restrita,não,não,,,,20,D10
D10-TR-092,Pertencimento e identificação mobilizam a conversa cívica.,mulheres beneficiárias,engajamento cívico,*representação política,funciona,,restrita,não,não,,,,20,D10
D10-TR-093,"O enquadramento por pertencimento pode aprisionar a conversa na lógica de ""nós contra eles"".",mulheres beneficiárias,engajamento cívico,*polarização política,afasta,,restrita,não,não,,,,20,D10
D10-TR-094,A polarização gera engajamento.,mulheres beneficiárias,engajamento cívico,*polarização política,achado,indício,restrita,não,não,,,,20,D10
D10-TR-095,"A polarização aumenta o risco de afastamento, rejeição e leitura de doutrinação.",mulheres beneficiárias,engajamento cívico,*polarização política,afasta,,restrita,não,não,,,,20,D10
D10-TR-096,"A comunicação precisa deslocar o engajamento do campo da torcida política para o campo da experiência vivida: participar, votar, cobrar e opinar devem aparecer como formas de defender direitos e melhorar a vida real.",mulheres beneficiárias,engajamento cívico,*participação cotidiana,funciona,,restrita,não,não,,,,20,D10
D10-TR-097,"Um território promissor é transformar representação em protagonismo: não apenas ""alguém fala por você"", mas ""sua experiência conta, sua escolha pesa, sua voz ajuda a garantir direitos e abrir futuro"".",mulheres beneficiárias,engajamento cívico,*representação política,funciona,,restrita,não,não,,,,20,D10
D10-TR-098,"Essas mulheres já decidem, avaliam, comparam, cobram, compartilham informação e sabem onde a política chega ou falha.",mulheres beneficiárias,engajamento cívico,*participação cotidiana,achado,indício,restrita,não,não,,,,21,D10
D10-TR-099,A comunicação deve reconhecer essa autoridade sem cair em convocação eleitoral direta.,mulheres beneficiárias,engajamento cívico,*voto e direitos,funciona,,restrita,não,não,,,,21,D10
D10-TR-100,"O foco não é pedir adesão, mas mostrar que a participação pode ser ferramenta para proteger conquistas, exigir funcionamento e transformar experiência de vida em força coletiva.",mulheres beneficiárias,engajamento cívico,*participação cotidiana,funciona,,restrita,não,não,,,,21,D10
D10-TR-101,A política só se aproxima quando toca o cotidiano e ajuda a proteger direitos concretos.,mulheres beneficiárias,engajamento cívico,*participação cotidiana,funciona,,restrita,não,não,D10-TR-084,,,22,D10
D10-TR-102,"Representação, pertencimento e identificação são isotopias recorrentes: o engajamento se ativa quando há sensação de que alguém fala pela pessoa, a representa ou expressa valores reconhecíveis.",mulheres beneficiárias,engajamento cívico,*representação política,achado,indício,restrita,não,não,,,,22,D10
D10-TR-105,"Desconfiança, frustração e distância são isotopias recorrentes: o vínculo político é testado pela vida concreta, isto é, preço da comida, saúde dos filhos, acesso a direitos e promessa que não chega.",mulheres beneficiárias,engajamento cívico,*promessa e entrega,achado,indício,restrita,não,não,,,,22,D10
D10-TR-106,A cidadania pragmática e cotidiana estrutura as narrativas: a política se torna relevante quando passa a explicar o que melhora ou piora a vida da família.,mulheres beneficiárias,engajamento cívico,*cidadania pragmática,achado,indício,restrita,não,não,,,,22,D10
D10-TR-107,"Mercado, comida cara, remédio, terapia, benefício, escola, saúde, filhos, CRAS e atendimento são as figuras que traduzem o voto e a confiança política em experiência vivida.",mulheres beneficiárias,engajamento cívico,*cidadania pragmática,exemplo,,restrita,não,não,,,,22,D10
D10-TR-156,Dinheiro não é sobra nem consumo: é sustentação da vida.,mulheres beneficiárias,dinheiro no bolso,*orçamento doméstico,funciona,,restrita,não,não,,,,32,D10
D10-TR-157,"Dinheiro no bolso é lido pela régua da casa: comida, gás, luz, água, remédio, escola, transporte, cartão e contas do mês.",mulheres beneficiárias,dinheiro no bolso,*orçamento doméstico,achado,indício,restrita,não,não,,,,32,D10
D10-TR-158,"O programa de transferência de renda não gera sobra, mas organiza o orçamento, reduz risco e ajuda a planejar.",mulheres beneficiárias,dinheiro no bolso,*transferência de renda,achado,indício,restrita,sim,não,,,,32,D10
D10-TR-159,"O benefício pode funcionar como sobrevivência, como complemento ou como respiro, conforme a situação da casa.",mulheres beneficiárias,dinheiro no bolso,*transferência de renda,achado,indício,restrita,não,não,,,,32,D10
D10-TR-160,"A confiança depende de realismo: qualquer melhora convive com custo alto, imprevistos e baixa margem.",mulheres beneficiárias,dinheiro no bolso,custo de vida,achado,indício,restrita,não,não,,,,32,D10
D10-TR-161,"Nas redes, o dinheiro aparece pela falta: salário que some, conta que não fecha, dívida, inflação no mercado e sensação de perda de controle.",mulheres beneficiárias,dinheiro no bolso,inflação,achado,indício,restrita,não,não,,,,32,D10
D10-TR-162,"O benefício está em disputa na conversa digital: críticos falam em dependência, enquanto beneficiárias mostram que ajuda, mas não garante luxo nem resolve tudo.",mulheres beneficiárias,dinheiro no bolso,*estigma do benefício,achado,indício,restrita,não,não,,,,32,D10
D10-TR-163,"O alívio prometido pelo benefício esbarra em falhas de acesso, dúvidas de calendário, aplicativo instável, burocracia e custos extras.",mulheres beneficiárias,dinheiro no bolso,*burocracia e atendimento,achado,indício,restrita,não,não,,,,32,D10
D10-TR-164,"A comunicação deve falar menos de economia abstrata e mais de despesas concretas: compra, conta paga, gás reservado, remédio e filho atendido.",mulheres beneficiárias,dinheiro no bolso,*orçamento doméstico,funciona,,restrita,não,não,,,,32,D10
D10-TR-165,"Reposicionar a beneficiária como gestora legítima do orçamento é caminho promissor: ela sabe o que o dinheiro compra, onde falta e como priorizar.",mulheres beneficiárias,dinheiro no bolso,*estigma do benefício,funciona,,restrita,não,não,,,,32,D10
D10-TR-166,"Prometer menos ""dinheiro que resolve"" e mais dinheiro que ajuda a segurar, organizar e abrir margem para planejar.",mulheres beneficiárias,dinheiro no bolso,*orçamento doméstico,funciona,,restrita,não,não,D10-TR-022,,,32,D10
D10-TR-167,"A oportunidade é deslocar dinheiro no bolso para a ideia de poder fazer: organizar o mês, reduzir risco, escolher prioridades e recuperar alguma capacidade de planejar.",mulheres beneficiárias,dinheiro no bolso,*poder de agir,funciona,,restrita,não,não,,,,33,D10
D13-TR-001,"A vida financeira deste público é definida por instabilidade de renda e falta de tempo, o que exige maior assertividade na comunicação de benefícios.",mulheres de 2 a 5 salários mínimos,dinheiro no bolso,custo de vida,achado,indício,restrita,não,não,,,,8,D13
D13-TR-003,"Campanhas que sugerem que a situação está sendo resolvida de forma lenta e incremental incomodam, porque não propõem solução concreta e não reconhecem a realidade vivida.",mulheres de 2 a 5 salários mínimos,dinheiro no bolso,custo de vida,afasta,,restrita,não,não,,,,8,D13
D13-TR-005,Citar benefícios concretos tem aceitação maior do que falar em proteção ou cuidado do país.,mulheres de 2 a 5 salários mínimos,dinheiro no bolso,custo de vida,funciona,,restrita,não,não,,,,8,D13
D13-TR-006,"As políticas públicas integram o cotidiano sem serem lembradas espontaneamente, e a percepção dos benefícios é escassa ou pouco associada a um governo ou período específico.",mulheres de 2 a 5 salários mínimos,engajamento cívico,atribuição de políticas*,achado,indício,restrita,não,não,,,,8,D13
D13-TR-007,"As narrativas mais fortes partem da vida concreta: benefício acessível e claro, acesso garantido e programas já disseminados e conhecidos.",mulheres de 2 a 5 salários mínimos,dinheiro no bolso,custo de vida,funciona,,restrita,não,não,,,,8,D13
D13-TR-008,"Falar de segurança é delicado, sobretudo em violência contra a mulher, e mensagens que afirmam que o tema já está endereçado são pouco críveis.",mulheres de 2 a 5 salários mínimos,proteção da família,violência doméstica,afasta,,restrita,não,não,,,,8,D13
D13-TR-010,Melhorias e investimento em educação são perceptíveis e desejados.,mulheres de 2 a 5 salários mínimos,proteção da família,educação e permanência,achado,indício,restrita,não,não,,,,8,D13
D13-TR-013,"A gestão permanente da escassez produz uma carga mental constante e uma sensação de estar em dívida consigo mesma, com a família e sobretudo com os filhos.",mulheres de 2 a 5 salários mínimos,proteção da família,carga mental*,achado,indício,restrita,não,não,D13-TR-002,,,12,D13
D13-TR-014,"A comunicação política institucional soa distante, genérica ou manipuladora com frequência, mesmo quando o conteúdo da política pública é aprovado.",mulheres de 2 a 5 salários mínimos,engajamento cívico,atribuição de políticas*,afasta,,restrita,não,não,,,,12,D13
D13-TR-015,"A temática do dinheiro é vulnerável ao efeito ""migalha"": qualquer exagero ou pedido explícito de voto transforma alívio em propaganda.",mulheres de 2 a 5 salários mínimos,dinheiro no bolso,custo de vida,afasta,,restrita,não,não,,,,12,D13
D13-TR-016,"A maternidade é um eixo que orienta e dificulta a vida prática, misturando casa, trabalho, escola, saúde, alimentação e proteção dos filhos numa mesma carga mental.",mulheres de 2 a 5 salários mínimos,proteção da família,carga mental*,achado,indício,restrita,não,não,,,,12,D13
D13-TR-017,Narrativas que falam de cuidado sem reconhecer a sobrecarga materna têm baixa credibilidade.,mulheres de 2 a 5 salários mínimos,proteção da família,carga mental*,afasta,,restrita,não,não,,,,12,D13
D13-TR-018,"A percepção econômica é doméstica e concreta, com pouca ou nenhuma sensação de melhoria e com orçamento percebido como cada vez mais apertado.",mulheres de 2 a 5 salários mínimos,dinheiro no bolso,custo de vida,achado,indício,restrita,não,não,,,,12,D13
D13-TR-019,Os preços da alimentação são fonte específica de insatisfação e angústia.,mulheres de 2 a 5 salários mínimos,dinheiro no bolso,custo de vida,achado,indício,restrita,não,não,,,,12,D13
D13-TR-022,"O custo de vida funciona como critério soberano: sem sobra no fim do mês, outros avanços dificilmente se convertem em sensação geral de melhora.",mulheres de 2 a 5 salários mínimos,dinheiro no bolso,custo de vida,achado,indício,restrita,não,não,,,,12,D13
D13-TR-024,"A régua real de avaliação é mês que fecha, comida garantida, filho protegido, previsibilidade e sensação clara de melhora.",mulheres de 2 a 5 salários mínimos,dinheiro no bolso,custo de vida,achado,indício,restrita,não,não,,,,12,D13
D13-TR-026,"A vida cotidiana não é apenas corrida: é sustentada por uma capacidade constante de administrar simultaneidades e de encontrar solução quando a rotina sai do eixo, como perda de emprego ou familiar doente.",mulheres de 2 a 5 salários mínimos,proteção da família,carga mental*,achado,indício,restrita,não,não,,,,13,D13
D13-TR-028,A falta de rede de apoio transforma qualquer imprevisto em crise de organização.,mulheres de 2 a 5 salários mínimos,proteção da família,rede de apoio*,achado,indício,restrita,não,não,,,,13,D13
D13-TR-030,A maternidade é vivida como responsabilidade principal mesmo quando há companheiro ou família por perto.,mulheres de 2 a 5 salários mínimos,proteção da família,carga mental*,achado,indício,restrita,não,não,,,,13,D13
D13-TR-031,Existe uma régua específica para avaliar cuidado público: uma política só é percebida como útil quando facilita a vida de quem cuida.,mulheres de 2 a 5 salários mínimos,proteção da família,creche e escola integral,achado,indício,restrita,não,não,,,,13,D13
D13-TR-032,"O cansaço relatado não é apenas físico, mas mental, porque envolve antecipar problemas, calcular dinheiro, organizar horários, proteger os filhos e manter a casa funcionando.",mulheres de 2 a 5 salários mínimos,proteção da família,carga mental*,achado,indício,restrita,não,não,,,,13,D13
D13-TR-033,Mensagens que reconhecem apenas dificuldade financeira podem parecer incompletas diante de um cansaço que é também mental.,mulheres de 2 a 5 salários mínimos,dinheiro no bolso,carga mental*,afasta,,restrita,não,não,,,,13,D13
D13-TR-034,"Aumenta o salário, aumenta tudo. Então dá no mesmo.",mulheres de 2 a 5 salários mínimos,dinheiro no bolso,salário mínimo,verbatim,,restrita,não,não,,,,13,D13
D13-TR-036,A baixa ou inexistente lembrança espontânea do Programa Acredita evidencia distância entre a política pública e sua apropriação pelas potenciais beneficiárias.,pequenas empreendedoras,dinheiro no bolso,crédito produtivo*,achado,indício,restrita,não,não,,,,15,D13
D13-TR-037,"Há interesse imediato pela proposta de crédito, mas sem capacidade de identificar o programa, avaliar se há direito ou por onde começar.",pequenas empreendedoras,dinheiro no bolso,crédito produtivo*,achado,indício,restrita,não,não,,,,15,D13
D13-TR-038,"Os caminhos de informação sobre benefícios são pouco estruturados: diante de uma novidade, a tendência é recorrer a busca na internet, a amigas e a grupos de conhecidos.",mulheres de 2 a 5 salários mínimos,engajamento cívico,informação sobre direitos*,achado,indício,restrita,não,não,,,,15,D13
D13-TR-039,"Essa circulação informal de informação gera interesse, mas também produz dúvida, informação incompleta e desconfiança.",mulheres de 2 a 5 salários mínimos,engajamento cívico,informação sobre direitos*,achado,indício,restrita,não,não,,,,15,D13
D13-TR-040,"A combinação de juros mais baixos e ausência de garantia responde a barreiras reais e desperta interesse, ainda que se saiba pouco sobre a possibilidade desse acesso.",pequenas empreendedoras,dinheiro no bolso,crédito produtivo*,achado,indício,restrita,sim,não,,,,15,D13
D13-TR-048,"Em ambos os regimes, a falta de rede de apoio transforma qualquer imprevisto em crise, seja consulta médica, filho doente ou encomenda atrasada.",mulheres de 2 a 5 salários mínimos,proteção da família,rede de apoio*,achado,indício,restrita,não,não,D13-TR-028,,,17,D13
D13-TR-049,"Sem reconhecer a ausência de rede de apoio, qualquer comunicação sobre cuidado soa distante de quem já resolve tudo sozinha.",mulheres de 2 a 5 salários mínimos,proteção da família,rede de apoio*,afasta,,restrita,não,não,,,,17,D13
D13-TR-065,"Crédito com juros menores chama atenção, mas exige prova operacional: taxa, critérios, valores, finalidade e forma de acesso, sob risco de parecer bom demais para ser verdade.",pequenas empreendedoras,dinheiro no bolso,crédito produtivo*,achado,indício,restrita,não,não,,,,19,D13
D13-TR-067,Resolver sozinha tem se tornado estratégia informal diante da ausência das instituições.,mulheres de 2 a 5 salários mínimos,engajamento cívico,individualismo e desconfiança*,achado,indício,restrita,não,não,,,,20,D13
D13-TR-068,"Diante da descrença de que o Estado responde às suas necessidades, a autoestima e a agência política migram do coletivo para o indivíduo.",mulheres de 2 a 5 salários mínimos,engajamento cívico,individualismo e desconfiança*,achado,indício,restrita,não,não,,,,21,D13
D13-TR-069,"Passa-se de ""ninguém vai fazer por mim"" para uma posição ativa de tomar as rédeas.",mulheres de 2 a 5 salários mínimos,engajamento cívico,individualismo e desconfiança*,achado,indício,restrita,não,não,,,,21,D13
D13-TR-070,"O fenômeno aparece com força tanto na relação com o governo quanto na relação com a informação sobre benefícios, direitos e crédito: quem não busca sozinha dificilmente tem acesso.",mulheres de 2 a 5 salários mínimos,engajamento cívico,informação sobre direitos*,achado,indício,restrita,não,não,,,,21,D13
D13-TR-071,"Esse individualismo é ambivalente: parece empoderar pela autonomia e pelo orgulho de se virar sozinha, mas naturaliza a ausência de proteção institucional e reafirma a descrença no sistema.",mulheres de 2 a 5 salários mínimos,engajamento cívico,individualismo e desconfiança*,achado,indício,restrita,não,não,,,,21,D13
D13-TR-073,"Se a gente não correr atrás, ficar esperando o tempo todo do governo, infelizmente não vai para lugar nenhum.",mulheres de 2 a 5 salários mínimos,engajamento cívico,individualismo e desconfiança*,verbatim,,restrita,não,não,,,,21,D13
D13-TR-074,"Entre os participantes deste estudo, a Farmácia Popular aparece espontaneamente nos três grupos que trataram do tema, sempre como algo já incorporado à rotina.",mulheres de 2 a 5 salários mínimos,dinheiro no bolso,farmácia popular,achado,forte,restrita,não,não,,,,23,D13
D13-TR-075,"O acesso citado inclui remédio de pressão, diabetes, asma, insulina, absorventes e fraldas geriátricas.",mulheres de 2 a 5 salários mínimos,dinheiro no bolso,farmácia popular,contexto,,restrita,não,sim,,,,23,D13
D13-TR-076,"A força da Farmácia Popular está na universalidade percebida: acesso descrito como simples, sem burocracia e igual independentemente de renda ou classe social.",mulheres de 2 a 5 salários mínimos,dinheiro no bolso,farmácia popular,funciona,,restrita,não,não,,,,23,D13
D13-TR-077,"Minha Casa Minha Vida é conhecido por todas, mas nenhuma participante relatou acesso direto, apenas conhecidos ou parentes que conseguiram, sem entendimento claro do critério.",mulheres de 2 a 5 salários mínimos,proteção da família,moradia,achado,forte,restrita,não,não,,,,23,D13
D13-TR-078,"Programas habitacionais de longa duração são incorporados ao imaginário como se sempre tivessem existido, nem sempre associados à gestão que os criou.",mulheres de 2 a 5 salários mínimos,engajamento cívico,atribuição de políticas*,achado,indício,restrita,sim,não,,,,23,D13
D13-TR-079,"O processo de inscrição para o benefício habitacional é descrito como opaco: não se sabe quando abre, qual o critério de prioridade nem como acompanhar o andamento.",mulheres de 2 a 5 salários mínimos,proteção da família,moradia,achado,indício,restrita,não,não,,,,23,D13
D13-TR-080,A informação sobre o benefício habitacional chega por boca a boca e é percebida como sempre tardia.,mulheres de 2 a 5 salários mínimos,proteção da família,moradia,achado,indício,restrita,não,não,,,,23,D13
D13-TR-081,"A suspeita sobre o critério de seleção habitacional aparece de forma independente em dois grupos distintos, sempre na direção de percebê-lo como arbitrário e mal comunicado.",mulheres de 2 a 5 salários mínimos,proteção da família,moradia,achado,indício,restrita,não,não,,,,23,D13
D13-TR-082,"Eu nunca consegui (minha casa minha vida), porque eu nunca sei quando que abre as inscrições. Quando eu sei, já está tendo sorteio.",mulheres de 2 a 5 salários mínimos,proteção da família,moradia,verbatim,,restrita,não,não,,,,23,D13
D13-TR-083,Creche e escola em tempo integral é a política mais associada à autonomia da mulher para trabalhar.,mulheres de 2 a 5 salários mínimos,proteção da família,creche e escola integral,achado,indício,restrita,não,não,,,,24,D13
D13-TR-084,"O horário real da escola integral nem sempre cobre a jornada de quem precisa, o que gera desconforto e necessidade de outras redes de apoio.",mulheres de 2 a 5 salários mínimos,proteção da família,creche e escola integral,achado,indício,restrita,não,não,,,,24,D13
D13-TR-085,A melhora recente na infraestrutura e no modelo de tempo integral é reconhecida espontaneamente e associada a resultados concretos como a alfabetização das crianças.,mulheres de 2 a 5 salários mínimos,proteção da família,creche e escola integral,achado,indício,restrita,não,não,,,,24,D13
D13-TR-086,"O horário chamado de integral frequentemente cobre poucas horas e não fecha com uma jornada de trabalho completa, sobretudo para quem não tem rede de apoio.",mulheres de 2 a 5 salários mínimos,proteção da família,creche e escola integral,achado,indício,restrita,não,não,,,,24,D13
D13-TR-087,"A falta de vagas é barreira concreta e recorrente, com filas de espera e cortes de programas complementares sem substituto claro.",mulheres de 2 a 5 salários mínimos,proteção da família,creche e escola integral,achado,forte,restrita,não,não,,,,24,D13
D13-TR-088,"Entre os participantes deste estudo, há consenso de que vaga e estrutura física não bastam: a política só cumpre sua promessa de autonomia quando garante também profissionais formados e capazes de lidar com a diversidade de realidades das crianças.",mulheres de 2 a 5 salários mínimos,proteção da família,creche e escola integral,achado,forte,restrita,não,não,,,,24,D13
D13-TR-089,"Não tem mãe que consiga fazer esse horário de trabalho e ainda sem rede de apoio, para ter que levar, buscar.",mulheres de 2 a 5 salários mínimos,proteção da família,creche e escola integral,verbatim,,restrita,não,não,,,,24,D13
D13-TR-090,Uma comunicação percebida como simples e humanizada gera identificação mesmo entre quem não apoia politicamente o emissor.,mulheres de 2 a 5 salários mínimos,engajamento cívico,atribuição de políticas*,funciona,,restrita,sim,não,,,,25,D13
D13-TR-093,A defasagem do salário mínimo frente à inflação é fonte recorrente de frustração.,mulheres de 2 a 5 salários mínimos,dinheiro no bolso,salário mínimo,achado,forte,restrita,sim,não,,,,25,D13
D13-TR-094,É recorrente a crítica de que promessas aparecem apenas em época de eleição e depois se dissolvem.,mulheres de 2 a 5 salários mínimos,engajamento cívico,individualismo e desconfiança*,achado,forte,restrita,sim,não,,,,25,D13
D13-TR-103,"As participantes reconhecem e usam programas públicos concretos, mas têm dificuldade real em atribuí-los a um governo, gestão ou nível de poder específico.",mulheres de 2 a 5 salários mínimos,engajamento cívico,atribuição de políticas*,achado,indício,restrita,não,não,,,,26,D13
D13-TR-104,"Os programas citados espontaneamente incluem Bolsa Família, farmácia popular, tarifa zero, Minha Casa Minha Vida, benefícios do MEI e licença-maternidade via MEI.",mulheres de 2 a 5 salários mínimos,dinheiro no bolso,atribuição de políticas*,contexto,,restrita,não,sim,,,,26,D13
D13-TR-105,A informação sobre a origem política dos benefícios raramente chega ou é retida de forma direta ou didática.,mulheres de 2 a 5 salários mínimos,engajamento cívico,atribuição de políticas*,achado,indício,restrita,não,não,,,,26,D13
D13-TR-106,"Os benefícios em si são valorizados e descritos em detalhe, incluindo valores, regras e forma de acesso.",mulheres de 2 a 5 salários mínimos,dinheiro no bolso,informação sobre direitos*,achado,indício,restrita,não,não,,,,26,D13
D13-TR-107,"O problema está na conexão entre política pública e responsabilidade política, que aparece nebulosa mesmo entre participantes engajadas.",mulheres de 2 a 5 salários mínimos,engajamento cívico,atribuição de políticas*,achado,indício,restrita,não,não,,,,26,D13
D13-TR-108,"Eu não paro para pensar essa associação de programas com governo, porque isso, no meu dia a dia, eu pouco paro para pensar.",mulheres de 2 a 5 salários mínimos,engajamento cívico,atribuição de políticas*,verbatim,,restrita,não,não,,,,26,D13
D13-TR-111,"Dinheiro no bolso é desejável, mas distante, e quando pouco palpável torna-se intangível e ilusório.",mulheres de 2 a 5 salários mínimos,dinheiro no bolso,custo de vida,achado,indício,restrita,não,sim,,,,28,D13
D13-TR-112,"O território de dinheiro no bolso tem potencial médio: ainda que desejável, não engaja tanto quanto se esperaria.",mulheres de 2 a 5 salários mínimos,dinheiro no bolso,custo de vida,achado,indício,restrita,não,sim,,,,28,D13
D13-TR-116,"O medo de violência é universal e visceral, mas a narrativa institucional de leis e medidas protetivas é vista com ceticismo por soar como afirmação sem prova.",mulheres de 2 a 5 salários mínimos,proteção da família,violência doméstica,achado,indício,restrita,não,sim,,,,28,D13
D13-TR-117,O medo e a questão da segurança pública predominam e são transversais.,mulheres de 2 a 5 salários mínimos,proteção da família,segurança pública,achado,forte,restrita,não,sim,,,,28,D13
D13-TR-118,"O território de proteção da família tem potencial alto, mas apenas se a mensagem trocar ""existe uma lei"" por ""isso mudou na prática"", com a mudança sendo de fato perceptível.",mulheres de 2 a 5 salários mínimos,proteção da família,violência doméstica,funciona,,restrita,não,sim,,,,28,D13
D13-TR-119,"Entre os participantes deste estudo, o orgulho pelo país é a macronarrativa mais transversal, atravessando inclusive o público mais cético e as mais desengajadas.",mulheres de 2 a 5 salários mínimos,brasil soberano,orgulho nacional*,achado,forte,restrita,não,sim,,,,28,D13
D13-TR-120,"O território de pertencimento nacional tem potencial muito alto e mais uniforme entre os quatro segmentos, sendo o gancho emocional mais seguro do conjunto quando associado a acolhimento, alegria e força.",mulheres de 2 a 5 salários mínimos,brasil soberano,orgulho nacional*,funciona,,restrita,não,sim,,,,28,D13
D13-TR-121,"O engajamento funciona quando fala de escolha, na chave de ""você decide"".",mulheres de 2 a 5 salários mínimos,engajamento cívico,representação política feminina*,funciona,,restrita,não,sim,,,,28,D13
D13-TR-122,"O engajamento fracassa quando soa como obrigação, na chave de ""seu voto é seu cuidado"".",mulheres de 2 a 5 salários mínimos,engajamento cívico,representação política feminina*,afasta,,restrita,não,sim,,,,28,D13
D13-TR-123,"A autoestima política aparece quando a mulher é reconhecida como quem sabe avaliar a própria realidade, e arrefece quando o discurso soa distante de quem vive a rotina.",mulheres de 2 a 5 salários mínimos,engajamento cívico,representação política feminina*,achado,indício,restrita,não,sim,,,,28,D13
D13-TR-124,"Uma formulação que valoriza a capacidade de mulheres comuns é muito bem recebida, ainda que o crédito não seja atribuído a quem a formulou.",mulheres de 2 a 5 salários mínimos,engajamento cívico,representação política feminina*,funciona,,restrita,sim,sim,,,,28,D13
D13-TR-125,"O território de engajamento cívico tem potencial médio e condicionado ao enquadramento: escolha e reconhecimento da própria experiência funcionam, obrigação e tom de cima para baixo não.",mulheres de 2 a 5 salários mínimos,engajamento cívico,representação política feminina*,funciona,,restrita,não,sim,,,,28,D13
D13-TR-126,"Embora se alegue haver noção clara de antes e depois nas decisões políticas, há pouca percepção efetiva de contraste entre períodos específicos de tempo.",mulheres de 2 a 5 salários mínimos,engajamento cívico,memória e pandemia*,achado,indício,restrita,não,sim,,,,28,D13
D13-TR-127,"Entre os participantes deste estudo, sabe-se quase unanimemente que o presente é pior.",mulheres de 2 a 5 salários mínimos,dinheiro no bolso,custo de vida,achado,forte,restrita,não,sim,,,,28,D13
D13-TR-128,"O território de comparação temporal tem potencial médio-baixo, dada a percepção imprecisa e a necessidade de resultados perceptíveis no presente.",mulheres de 2 a 5 salários mínimos,engajamento cívico,memória e pandemia*,achado,indício,restrita,não,sim,,,,28,D13
D13-TR-129,"Há pouco ou nenhum conhecimento sobre as responsabilidades e o funcionamento do Senado, percebido como universo opaco e distante.",mulheres de 2 a 5 salários mínimos,engajamento cívico,funcionamento do legislativo*,achado,indício,restrita,não,sim,,,,28,D13
D13-TR-130,"A menção direta a salário, escala de trabalho e direitos chama a atenção e mobiliza mesmo diante do desconhecimento sobre o Legislativo.",mulheres de 2 a 5 salários mínimos,engajamento cívico,funcionamento do legislativo*,funciona,,restrita,não,sim,,,,28,D13
D13-TR-131,"O território de responsabilização legislativa tem potencial baixo, podendo ser mais alto a partir de exemplos diretos e práticos que aproximem da importância da função.",mulheres de 2 a 5 salários mínimos,engajamento cívico,funcionamento do legislativo*,funciona,,restrita,não,sim,,,,28,D13
D13-TR-132,"A noção de dinheiro no bolso é recebida com ceticismo generalizado e tratada como aspiração distante, nunca como realidade vivida.",mulheres de 2 a 5 salários mínimos,dinheiro no bolso,custo de vida,achado,forte,restrita,não,não,D13-TR-111,,,29,D13
D13-TR-133,é um sonho distante,mulheres de 2 a 5 salários mínimos,dinheiro no bolso,custo de vida,verbatim,,restrita,não,não,,,,29,D13
D13-TR-134,dinheiro no bolso só existe se o bolso estiver furado,mulheres de 2 a 5 salários mínimos,dinheiro no bolso,custo de vida,verbatim,,restrita,não,não,,,,29,D13
D13-TR-135,"O dinheiro nunca permanece, sendo sempre consumido por imprevistos como adoecimento de alguém da família ou quebra de algo em casa.",mulheres de 2 a 5 salários mínimos,dinheiro no bolso,custo de vida,achado,indício,restrita,não,não,,,,29,D13
D13-TR-136,"É recorrente e transversal a equação tempo igual a dinheiro: parar de trabalhar para cuidar de filho, descansar ou por adoecimento é sentido como perda financeira direta.",mulheres de 2 a 5 salários mínimos,dinheiro no bolso,jornada de trabalho,achado,forte,restrita,não,não,,,,29,D13
D13-TR-138,"Entre microempreendedoras, a narrativa de dinheiro no bolso se mistura à instabilidade de renda e à falta de garantias fixas.",pequenas empreendedoras,dinheiro no bolso,MEI,achado,indício,restrita,não,não,,,,29,D13
D13-TR-139,"Entre quem tem vínculo formal, a crítica recai sobre a defasagem do salário mínimo frente à inflação e ao custo de vida.",mulheres de 2 a 5 salários mínimos,dinheiro no bolso,salário mínimo,achado,indício,restrita,não,não,,,,29,D13
D13-TR-141,"Para quem trabalha por conta própria o problema é a instabilidade; para quem tem vínculo formal, a insuficiência do valor fixo.",mulheres de 2 a 5 salários mínimos,dinheiro no bolso,custo de vida,achado,indício,restrita,não,não,,,,29,D13
D13-TR-142,A isenção do imposto de renda mexe com a gente. Mostra que sabem quais são as nossas preocupações de verdade.,pequenas empreendedoras,dinheiro no bolso,custo de vida,verbatim,,restrita,não,não,,,,29,D13
D13-TR-156,"A proteção da família é entendida como conjunto multifacetado, e não como problema com resposta única.",mulheres de 2 a 5 salários mínimos,proteção da família,segurança pública,achado,indício,restrita,não,não,,,,31,D13
D13-TR-170,"Entre os participantes deste estudo, mesmo diante de pessimismo generalizado, o sentimento de brasilidade é predominantemente positivo, ancorado em cultura, acolhimento e resiliência.",mulheres de 2 a 5 salários mínimos,brasil soberano,orgulho nacional*,achado,forte,restrita,não,não,,,,32,D13
D13-TR-171,"O orgulho nacional se sustenta na resiliência individual e de pequenos coletivos, não na confiança nas instituições.",mulheres de 2 a 5 salários mínimos,brasil soberano,orgulho nacional*,achado,indício,restrita,não,não,,,,32,D13
D13-TR-172,"A formulação de que mulheres comuns fazem coisas extraordinárias ressoa de forma consistente, mesmo sem autoria conhecida.",mulheres de 2 a 5 salários mínimos,brasil soberano,representação política feminina*,funciona,,restrita,não,não,D13-TR-124,,,32,D13
D13-TR-173,"Há crítica interna relevante contra romantizar a sobrecarga feminina, com distinção explícita entre força e exaustão normalizada.",mulheres de 2 a 5 salários mínimos,brasil soberano,carga mental*,afasta,,restrita,não,não,,,,32,D13
D13-TR-174,O estigma do jeitinho brasileiro como justificativa para desonestidade é ponto de desconforto na autoimagem nacional.,mulheres de 2 a 5 salários mínimos,brasil soberano,orgulho nacional*,achado,indício,restrita,não,sim,,,,32,D13
D13-TR-175,A associação do brasileiro a preguiçoso é rejeitada com força.,mulheres de 2 a 5 salários mínimos,brasil soberano,orgulho nacional*,achado,indício,restrita,não,sim,,,,32,D13
D13-TR-176,Referências externas pejorativas em contexto internacional são ponto de desconforto na autoimagem nacional.,mulheres de 2 a 5 salários mínimos,brasil soberano,orgulho nacional*,achado,indício,restrita,não,sim,,,,32,D13
D13-TR-177,O aumento da violência contra a mulher é lido como mancha na autoimagem coletiva do país.,mulheres de 2 a 5 salários mínimos,brasil soberano,violência doméstica,achado,indício,restrita,não,sim,,,,32,D13
D13-TR-178,O orgulho regional nordestino e baiano aparece como camada adicional de identidade e alegria.,mulheres de 2 a 5 salários mínimos,brasil soberano,orgulho nacional*,achado,indício,restrita,não,não,,,,32,D13
D13-TR-179,"Mesmo as mais descrentes e pouco mobilizadas tendem a encontrar razões para se orgulhar de ser brasileiras, sem diferença expressiva entre regimes de trabalho.",mulheres de 2 a 5 salários mínimos,brasil soberano,orgulho nacional*,achado,indício,restrita,não,não,,,,32,D13
D13-TR-180,"Eu acho que tem muita força de vontade, a garra, persistência e sempre um sonho de que um dia as coisas vão melhorar.",mulheres de 2 a 5 salários mínimos,brasil soberano,orgulho nacional*,verbatim,,restrita,não,não,,,,32,D13
D13-TR-182,"Entre os participantes deste estudo, à pergunta se a voz das mulheres é ouvida politicamente, a maioria responde que não, ou que depende.",mulheres de 2 a 5 salários mínimos,engajamento cívico,representação política feminina*,achado,forte,restrita,não,não,,,,33,D13
D13-TR-235,"Quanto mais concreto o número apresentado, mais crível a oferta; termo genérico soa bom demais para ser verdade.",pequenas empreendedoras,dinheiro no bolso,crédito produtivo*,funciona,,restrita,não,sim,,,,38,D13
D13-TR-237,"O orgulho funciona quando associado a soberania, e quebra quando o serviço prometido é desmentido pela vivência.",mulheres de 2 a 5 salários mínimos,brasil soberano,orgulho nacional*,funciona,,restrita,não,sim,,,,38,D13
D13-TR-246,Recomenda-se substituir a expressão genérica sobre juros mais baixos por uma taxa real.,pequenas empreendedoras,dinheiro no bolso,crédito produtivo*,funciona,,restrita,não,sim,,,,38,D13
D13-TR-248,Recomenda-se manter a ressalva sobre os desafios do serviço público de saúde e trocar o termo criatividade por termo de força ou potência.,mulheres de 2 a 5 salários mínimos,brasil soberano,SUS,funciona,,restrita,não,sim,,,,38,D13
D13-TR-294,A ideia de crédito com juros mais baixos e sem garantia é lida como suporte real para quem está começando um negócio e gera vontade de pesquisar mais.,pequenas empreendedoras,dinheiro no bolso,crédito produtivo*,funciona,,restrita,não,não,,,,44,D13
D13-TR-295,A remoção do pedido de voto na versão revisada deixa a mensagem mais parecida com informação útil do que com propaganda.,pequenas empreendedoras,dinheiro no bolso,crédito produtivo*,funciona,,restrita,não,não,,,,44,D13
D13-TR-296,"Sem valor concreto, a expressão juros mais baixos soa vaga, e a reação vai da dúvida à desconfiança de que seja bom demais para ser verdade.",pequenas empreendedoras,dinheiro no bolso,crédito produtivo*,afasta,,restrita,não,não,,,,44,D13
D13-TR-297,"O fechamento que afirma que quem cuida do país cuida até do que parece pequeno soa como frase de efeito genérica, mesmo sem pedir voto.",pequenas empreendedoras,dinheiro no bolso,tom e registro*,afasta,,restrita,não,não,,,,44,D13
D13-TR-298,"O fechamento que promete não ficar só no discurso é lido com ironia, já que a frase que ataca o discurso é sentida como discurso genérico.",pequenas empreendedoras,dinheiro no bolso,tom e registro*,afasta,,restrita,não,não,,,,44,D13
D13-TR-299,"Recomenda-se testar a versão sem esse fechamento, deixando a mensagem terminar na informação prática.",pequenas empreendedoras,dinheiro no bolso,crédito produtivo*,funciona,,restrita,não,não,,,,44,D13
D13-TR-300,"Recomenda-se falar de juros de modo mais concreto, deixando clara a diferença e o benefício, e explicar o acesso de maneira acessível.",pequenas empreendedoras,dinheiro no bolso,crédito produtivo*,funciona,,restrita,não,não,,,,44,D13
D13-TR-311,"A combinação de meio de pagamento nacional, saúde pública e soberania suscita orgulho e reconhecimento, ainda que com ressalvas.",mulheres de 2 a 5 salários mínimos,brasil soberano,orgulho nacional*,achado,indício,restrita,não,não,,,,46,D13
D13-TR-312,"Falar de PIX e do SUS oferece exemplos concretos e fáceis de analisar, que fazem parte do cotidiano de todas e geram senso de intimidade.",mulheres de 2 a 5 salários mínimos,brasil soberano,SUS,funciona,,restrita,não,não,,,,46,D13
D13-TR-313,"A ideia de que gente de fora não deveria decidir pelo país ressoa fortemente e de forma espontânea, funcionando como argumento de soberania e não apenas de orgulho.",mulheres de 2 a 5 salários mínimos,brasil soberano,orgulho nacional*,funciona,,restrita,não,não,,,,46,D13
D13-TR-314,A ressonância do argumento de soberania aparece associada a episódios internacionais recentes.,mulheres de 2 a 5 salários mínimos,brasil soberano,orgulho nacional*,contexto,,restrita,não,não,,,,46,D13
D13-TR-317,A referência direta ao que vem de fora nem sempre é bem compreendida.,mulheres de 2 a 5 salários mínimos,brasil soberano,orgulho nacional*,afasta,,restrita,não,não,,,,46,D13
D13-TR-318,A palavra criatividade foi questionada por reduzir a conquista a ideias em vez de força ou capacidade nacional.,mulheres de 2 a 5 salários mínimos,brasil soberano,tom e registro*,afasta,,restrita,não,não,,,,46,D13
D13-TR-319,"É o único estímulo com crítica explícita de pontuação, com o uso de exclamações nomeado diretamente como excessivo.",mulheres de 2 a 5 salários mínimos,brasil soberano,tom e registro*,achado,indício,restrita,não,não,,,,46,D13
D13-TR-320,O tom muito otimista soa levemente irônico diante de um tema sensível para quem vive falhas reais de acesso.,mulheres de 2 a 5 salários mínimos,brasil soberano,SUS,afasta,,restrita,não,não,,,,46,D13
D13-TR-321,"Recomenda-se manter a ressalva sobre os desafios que ainda existem, já testada e eficaz, para evitar rejeição de quem vive falhas reais do sistema.",mulheres de 2 a 5 salários mínimos,brasil soberano,SUS,funciona,,restrita,não,não,D13-TR-248,,,46,D13
D13-TR-322,Recomenda-se sustentar o orgulho e o diferencial do serviço público de saúde e do meio de pagamento nacional como motivos de identidade e exclusividade tecnológica do país.,mulheres de 2 a 5 salários mínimos,brasil soberano,orgulho nacional*,funciona,,restrita,não,não,,,,46,D13
D13-TR-323,Recomenda-se substituir o termo criatividade por potência ou capacidade.,mulheres de 2 a 5 salários mínimos,brasil soberano,tom e registro*,funciona,,restrita,não,não,,,,46,D13
D13-TR-379,"Recomenda-se reforçar e instigar o orgulho nacional daquilo que já é familiar e fonte de identidade, como o meio de pagamento nacional e o serviço público de saúde.",mulheres de 2 a 5 salários mínimos,brasil soberano,orgulho nacional*,funciona,,restrita,não,sim,,,,54,D13
D13-TR-380,"Recomenda-se explorar atributos subjetivos associados à população brasileira, como acolhimento, força e capacidade.",mulheres de 2 a 5 salários mínimos,brasil soberano,orgulho nacional*,funciona,,restrita,não,sim,,,,54,D13
